model,accuracy,precision,recall,f1
Naive Bayes,0.9680851063829787,0.99,0.7557251908396947,0.8571428571428571
Logistic Regression,0.9555125725338491,0.9885057471264368,0.6564885496183206,0.7889908256880734
